x,y,z,w0,w1,w2,w3
0.433832,1.00971,0,-0,-0,-0.921708,0.387884
0.433832,1.00971,2.98329e-17,-0,-0,-0.167143,0.985933
0.52729,0.972793,-2.48649,-0,-0,-0.227041,0.973885
0.605558,0.92094,-3.94763e-18,-0,-0,-0.321692,0.946845
0.686104,0.861351,1.09308,-0,-0,-0.295818,0.955244
0.772065,0.810631,0.612992,-0,-0,-0.233941,0.972251
0.795359,0.798888,-5.0368e-17,-0,-0,-0.317961,0.948104
0.878079,0.740575,2.05509,-0,-0,-0.269808,0.962914
0.968694,0.701168,2.36691,-0,-0,-0.129862,0.991532
1.03035,0.687931,3.41163e-17,-0,-0,-0.289233,0.957259
1.11697,0.63754,3.7035,-0,-0,-0.201018,0.979588
1.16592,0.621357,-3.96126e-20,-0,-0,-0.308117,0.951349
1.24815,0.564052,1.07271,-0,-0,-0.282606,0.959236
1.33548,0.515715,0.426345,-0,-0,-0.220453,0.975398
1.34669,0.510401,-2.36537e-25,-0,-0,-0.205135,0.978734
1.43827,0.470246,1.27699e-08,-0,-0,-0.205135,0.978734
1.52986,0.430092,9.74656e-09,-0,-0,-0.205135,0.978734
1.59976,0.399444,1.32319e-19,-0,-0,-0.158691,0.987328
1.6946,0.367732,-0.237503,-0,-0,-0.16455,0.986369
1.76244,0.343966,1.44004e-19,-0,-0,-0.102436,0.99474
1.86029,0.32294,-0.386735,-0,-0,-0.112041,0.993704
1.95712,0.298177,-0.704469,-0,-0,-0.140763,0.990043
2.02455,0.277392,1.73483e-19,-0,-0,-0.133867,0.990999
2.12209,0.253059,1.46634,-0,-0,-0.0977946,0.995207
2.22108,0.243073,1.41671,-0,-0,-0.000308289,1
2.26858,0.244105,5.40258e-17,-0,-0,-0.083728,0.996489
2.36753,0.228566,0.716372,-0,-0,-0.0659219,0.997825
2.46695,0.220081,0.947365,-0,-0,-0.0164822,0.999864
2.56697,0.22042,0.290257,0,0,0.0143876,0.999896
2.61203,0.221914,2.94008e-27,0,0,1.5348e-07,1
2.71203,0.221914,-1.20257e-08,0,0,1.5318e-07,1
2.81203,0.221914,-4.94043e-09,0,0,1.52499e-07,1
2.82895,0.221914,-7.0754e-18,0,0,0.0273797,0.999625
2.92879,0.227889,0.300948,0,0,0.0348967,0.999391
3.02837,0.236796,0.309551,0,0,0.0547525,0.9985
3.09106,0.244105,2.90859e-17,0,0,0.0195707,0.999808
3.19044,0.255191,4.49593,0,0,0.128959,0.99165
3.27182,0.288488,2.78764e-17,0,0,0.0784555,0.996918
3.37059,0.305269,0.676177,0,0,0.0952509,0.995453
3.46763,0.328566,1.0163,0,0,0.143642,0.98963
3.56231,0.360723,0.320065,0,0,0.176541,0.984293
3.60623,0.377253,1.44119e-17,0,0,0.139323,0.990247
3.70225,0.405348,0.306034,0,0,0.146892,0.989153
3.79729,0.436343,0.513636,0,0,0.169306,0.985564
3.87738,0.466019,1.50472e-18,0,0,0.22912,0.973398
3.96803,0.509066,-1.15166,0,0,0.201172,0.979556
4.0623,0.541347,-1.25528,0,0,0.124078,0.992272
4.12141,0.554784,-9.81646e-19,0,0,0.236964,0.971518
4.2102,0.600794,-0.0224792,0,0,0.236418,0.971652
4.29908,0.646604,-0.0424667,0,0,0.234783,0.972048
4.38815,0.692081,-0.0276849,0,0,0.233078,0.972458
4.47733,0.737311,-0.0129033,0,0,0.232091,0.972694
4.55524,0.776698,-4.97586e-19,0,0,0.237757,0.971325
4.64427,0.822403,-0.349901,0,0,0.229256,0.973366
4.73474,0.864913,-0.701339,0,0,0.2036,0.979054
4.81735,0.89875,2.31038e-18,0,0,0.208839,0.97795
4.90713,0.942786,2.13472,0,0,0.260382,0.965506
4.98907,0.998611,-1.13386e-19,0,0,0.197891,0.980224
5.08054,1.03907,1.08969,0,0,0.224462,0.974483
5.1685,1.08661,0.0196273,0,0,0.255981,0.966682
5.16984,1.08738,1.01798e-17,0,0,0.213846,0.976867
5.25961,1.13142,1.51314,0,0,0.250536,0.968107
5.33252,1.17614,4.69978e-17,0,0,0.12183,0.992551
5.43221,1.20527,2.55343,0,0,0.182966,0.983119
5.51558,1.25603,5.25708,0,0,0.37916,0.925331
5.55848,1.30929,3.80423e-17,0,0,0.123987,0.992284
5.65589,1.3378,2.27115,0,0,0.178531,0.983934
5.74143,1.38559,2.96343,0,0,0.332031,0.943269
5.81277,1.45648,0.530831,0,0,0.410901,0.91168
5.82962,1.47573,-3.03709e-17,0,0,0.275738,0.961233
5.9161,1.52691,-1.48073,0,0,0.240301,0.970698
6.00817,1.56473,-1.27377,0,0,0.145774,0.989318
6.04654,1.57559,-5.14074e-17,0,0,0.349005,0.937121
6.1231,1.64036,-0.65118,0,0,0.33374,0.942665
6.20333,1.69972,-1.26011,0,0,0.287097,0.957901
6.28936,1.75051,-0.427615,0,0,0.246547,0.969131
6.33576,1.77531,-1.80069e-17,0,0,0.386001,0.922498
6.41063,1.84446,-2.99901,0,0,0.318454,0.947938
6.49874,1.88736,-2.56569,0,0,0.128584,0.991699
6.54364,1.89736,1.84734e-18,0,0,0.350532,0.936551
6.61914,1.96294,-0.0673871,0,0,0.348954,0.93714
6.69508,2.028,-0.134815,0,0,0.344213,0.938892
6.77185,2.09207,-0.113527,0,0,0.337577,0.941298
6.84934,2.15529,-0.0371011,0,0,0.33403,0.942562
6.88709,2.18585,-1.91665e-17,0,0,0.318183,0.948029
6.96622,2.24727,0.749713,0,0,0.33585,0.941915
7.04033,2.31419,0.894429,0,0,0.384898,0.922959
7.07689,2.35228,9.96664e-18,0,0,0.357932,0.933748
7.15295,2.41748,-1.42326,0,0,0.324693,0.94582
7.23631,2.47242,-0.117495,0,0,0.261769,0.965131
7.23958,2.47434,-8.93571e-18,0,0,0.337364,0.941374
7.31585,2.53904,0.917677,0,0,0.358835,0.933401
7.37515,2.59639,-3.57295e-26,0,0,0.353776,0.93533
7.47587,2.68972,835.627,0,0,0.627329,0.778755
