x,y,z,w0,w1,w2,w3
0,0,0,0,0,0,1
0.3,0,0,0,0,0,1
0.6,0.0,0,0,0,0,1
0.9,0.0,0,0,0,0,1
1.2,0.0,0,0,0,0,1
1.5,0.0,0,0,0,0,1
1.8,0,0,0,0,0,1
2.1,0,0,0,0,0,1
2.4,0,0,0,0,0,1
2.7,0,0,0,0,0,1
3,0,0,0,0,0,1
3.3,0,0,0,0,0,1
3.6,0,0,0,0,0,1
3.9,0,0,0,0,0,1
4.2,0,0,0,0,0,1
4.5,0,0,0,0,0,1
4.8,0,0,0,0,0,1
5.1,0,0,0,0,0,1
5.4,0,0,0,0,0,1
5.7,0,0,0,0,0,1
6,0,0,0,0,0.92388,0.382683
5.7,0.3,0,0,0,0.92388,0.382683
5.4,0.6,0,0,0,0.92388,0.382683
5.1,0.9,0,0,0,0.92388,0.382683
4.8,1.2,0,0,0,0.92388,0.382683
4.5,1.5,0,0,0,0.92388,0.382683
4.2,1.8,0,0,0,0.92388,0.382683
3.9,2.1,0,0,0,0.92388,0.382683
3.6,2.4,0,0,0,0.92388,0.382683
3.3,2.7,0,0,0,0.92388,0.382683
3,3,0,0,0,0.92388,0.382683
2.7,3.3,0,0,0,0.92388,0.382683
2.4,3.6,0,0,0,0.92388,0.382683
2.1,3.9,0,0,0,0.92388,0.382683
1.8,4.2,0,0,0,0.92388,0.382683
1.5,4.5,0,0,0,0.92388,0.382683
1.2,4.8,0,0,0,0.92388,0.382683
0.9,5.1,0,0,0,0.92388,0.382683
0.6,5.4,0,0,0,0.92388,0.382683
0.3,5.7,0,0,0,0.92388,0.382683
0,6,0,0,0,-0.92388,0.382683
-0.3,5.7,0,0,0,-0.92388,0.382683
-0.6,5.4,0,0,0,-0.92388,0.382683
-0.9,5.1,0,0,0,-0.92388,0.382683
-1.2,4.8,0,0,0,-0.92388,0.382683
-1.5,4.5,0,0,0,-0.92388,0.382683
-1.8,4.2,0,0,0,-0.92388,0.382683
-2.1,3.9,0,0,0,-0.92388,0.382683
-2.4,3.6,0,0,0,-0.92388,0.382683
-2.7,3.3,0,0,0,-0.92388,0.382683
-3,3,0,0,0,-0.92388,0.382683
-3.3,2.7,0,0,0,-0.92388,0.382683
-3.6,2.4,0,0,0,-0.92388,0.382683
-3.9,2.1,0,0,0,-0.92388,0.382683
-4.2,1.8,0,0,0,-0.92388,0.382683
-4.5,1.5,0,0,0,-0.92388,0.382683
-4.8,1.2,0,0,0,-0.92388,0.382683
-5.1,0.9,0,0,0,-0.92388,0.382683
-5.4,0.6,0,0,0,-0.92388,0.382683
-5.7,0.3,0,0,0,-0.92388,0.382683
-6,0,0,0,0,-0.382683,0.92388
-5.7,-0.3,0,0,0,-0.382683,0.92388
-5.4,-0.6,0,0,0,-0.382683,0.92388
-5.1,-0.9,0,0,0,-0.382683,0.92388
-4.8,-1.2,0,0,0,-0.382683,0.92388
-4.5,-1.5,0,0,0,-0.382683,0.92388
-4.2,-1.8,0,0,0,-0.382683,0.92388
-3.9,-2.1,0,0,0,-0.382683,0.92388
-3.6,-2.4,0,0,0,-0.382683,0.92388
-3.3,-2.7,0,0,0,-0.382683,0.92388
-3,-3,0,0,0,-0.382683,0.92388
-2.7,-3.3,0,0,0,-0.382683,0.92388
-2.4,-3.6,0,0,0,-0.382683,0.92388
-2.1,-3.9,0,0,0,-0.382683,0.92388
-1.8,-4.2,0,0,0,-0.382683,0.92388
-1.5,-4.5,0,0,0,-0.382683,0.92388
-1.2,-4.8,0,0,0,-0.382683,0.92388
-0.9,-5.1,0,0,0,-0.382683,0.92388
-0.6,-5.4,0,0,0,-0.382683,0.92388
-0.3,-5.7,0,0,0,-0.382683,0.92388
0,-6,0,0,0,0.707107,0.707107
0,-5.7,0,0,0,0.707107,0.707107
0,-5.4,0,0,0,0.707107,0.707107
0,-5.1,0,0,0,0.707107,0.707107
0,-4.8,0,0,0,0.707107,0.707107
0,-4.5,0,0,0,0.707107,0.707107
0,-4.2,0,0,0,0.707107,0.707107
0,-3.9,0,0,0,0.707107,0.707107
0,-3.6,0,0,0,0.707107,0.707107
0,-3.3,0,0,0,0.707107,0.707107
0,-3,0,0,0,0.707107,0.707107
0,-2.7,0,0,0,0.707107,0.707107
0,-2.4,0,0,0,0.707107,0.707107
0,-2.1,0,0,0,0.707107,0.707107
0,-1.8,0,0,0,0.707107,0.707107
0,-1.5,0,0,0,0.707107,0.707107
0,-1.2,0,0,0,0.707107,0.707107
0,-0.9,0,0,0,0.707107,0.707107
0,-0.6,0,0,0,0.707107,0.707107
0,-0.3,0,0,0,0.707107,0.707107
